総合判定,台数判定,容量判定,名称判定,機器ID照合,判定理由,機器ID,機器表 記載名,盤表 記載名,機器表 台数,盤表 台数,台数差,機器表 消費電力(kW),機器表 モード容量(kW),機器表 判定モード,機器表 判定採用容量(kW),容量判定補足,盤表 容量(kW),容量差(kW),機器表 図面番号,盤表 図面番号,盤表 記載トレース
✗,✗,◯,✗,◯,台数差分=1,SF-P-1,送風機,"送風機,給気ファン",1,2,1,1.15,,単一値,1.15,単一数値を採用,1.15,0,M-03-01,"E-024,E-031",図面:E-024 名称:送風機 容量:1.15 || 図面:E-031 名称:給気ファン 容量:1.15
✗,✗,◯,◯,◯,台数差分=1,SF-B2-1,送風機,送風機,1,2,1,0.54,,単一値,0.54,単一数値を採用,0.54,0,M-03-01,"E-024,E-032",図面:E-024 名称:送風機 容量:0.54 || 図面:E-032 名称:送風機 容量:0.54
✗,✗,◯,◯,◯,台数差分=1,SF-B2-2,送風機,送風機,1,2,1,0.6,,単一値,0.6,単一数値を採用,0.6,0,M-03-01,"E-024,E-032",図面:E-024 名称:送風機 容量:0.6 || 図面:E-032 名称:送風機 容量:0.6
✗,✗,✗,◯,◯,台数差分=1,SF-B2-3,送風機,送風機,1,2,1,0.91,,単一値,0.91,単一数値を採用,0.535,-0.375,M-03-01,"E-024,E-032",図面:E-024 名称:送風機 容量:0.535 || 図面:E-032 名称:送風機 容量:0.535
✗,✗,◯,◯,◯,台数差分=1,SF-B2-4,送風機,送風機,1,2,1,0.535,,単一値,0.535,単一数値を採用,0.535,0,M-03-01,"E-024,E-032",図面:E-024 名称:送風機 容量:0.535 || 図面:E-032 名称:送風機 容量:0.535
✗,✗,✗,✗,✗,盤表に記載なし,SF-B2-5,送風機,,1,0,-1,0.385,,単一値,0.385,単一数値を採用,,,M-03-01,,
✗,✗,◯,◯,◯,台数差分=3,SF-B2-6,送風機,送風機,3,6,3,2.2,,単一値,2.2,単一数値を採用,2.2,0,M-03-01,"E-024,E-033",図面:E-024 名称:送風機 容量:2.2 x3 || 図面:E-033 名称:送風機 容量:2.2 x3
✗,✗,✗,✗,✗,盤表に記載なし,SF-B2-7,送風機,,1,0,-1,0.385,,単一値,0.385,単一数値を採用,,,M-03-01,,
✗,✗,✗,✗,✗,盤表に記載なし,SF-B1-1,送風機,,1,0,-1,0.22,,単一値,0.22,単一数値を採用,,,M-03-01,,
✗,✗,✗,✗,✗,盤表に記載なし,SF-B1-2,送風機,,1,0,-1,0.22,,単一値,0.22,単一数値を採用,,,M-03-01,,
✗,✗,✗,✗,✗,盤表に記載なし,SF-1-1,送風機,,1,0,-1,0.22,,単一値,0.22,単一数値を採用,,,M-03-01,,
✗,✗,◯,◯,◯,台数差分=1,SF-1-2,送風機,送風機,1,2,1,0.535,,単一値,0.535,単一数値を採用,0.535,0,M-03-01,"E-024,E-034",図面:E-024 名称:送風機 容量:0.535 || 図面:E-034 名称:送風機 容量:0.535
✗,✗,✗,✗,✗,盤表に記載なし,SF-11-1,送風機,,1,0,-1,0.175,,単一値,0.175,単一数値を採用,,,M-03-01,,
✗,✗,◯,◯,◯,台数差分=1,SF-R-1,送風機,送風機,1,2,1,2.2,,単一値,2.2,単一数値を採用,2.2,0,M-03-01,"E-025,E-044",図面:E-025 名称:送風機 容量:2.2 || 図面:E-044 名称:送風機 容量:2.2
◯,◯,◯,◯,◯,,SF-R-2,送風機,送風機,1,1,0,1.5,,単一値,1.5,単一数値を採用,1.5,0,M-03-01,E-044,
✗,✗,✗,✗,✗,盤表に記載なし,OF-1-1,送風機,,1,0,-1,0.22,,単一値,0.22,単一数値を採用,,,M-03-01,,
◯,◯,◯,◯,◯,,EF-P-1,排風機,排風機,1,1,0,0.91,,単一値,0.91,単一数値を採用,0.91,0,M-03-01,E-024,
✗,✗,◯,◯,◯,台数差分=1,EF-B2-1,排風機,排風機,1,2,1,0.54,,単一値,0.54,単一数値を採用,0.54,0,M-03-01,"E-024,E-032",図面:E-024 名称:排風機 容量:0.54 || 図面:E-032 名称:排風機 容量:0.54
✗,✗,◯,◯,◯,台数差分=1,EF-B2-2,排風機,排風機,1,2,1,0.54,,単一値,0.54,単一数値を採用,0.54,0,M-03-01,"E-024,E-032",図面:E-024 名称:排風機 容量:0.54 || 図面:E-032 名称:排風機 容量:0.54
✗,✗,✗,◯,◯,台数差分=1,EF-B2-3,排風機,排風機,1,2,1,0.91,,単一値,0.91,単一数値を採用,0.54,-0.37,M-03-01,"E-024,E-032",図面:E-024 名称:排風機 容量:0.54 || 図面:E-032 名称:排風機 容量:0.54
✗,✗,◯,◯,◯,台数差分=1,EF-B2-4,排風機,排風機,1,2,1,0.54,,単一値,0.54,単一数値を採用,0.54,0,M-03-01,"E-024,E-032",図面:E-024 名称:排風機 容量:0.54 || 図面:E-032 名称:排風機 容量:0.54
✗,✗,✗,✗,✗,盤表に記載なし,EF-B2-5,排風機,,1,0,-1,0.116,,単一値,0.116,単一数値を採用,,,M-03-01,,
✗,✗,◯,◯,◯,台数差分=3,EF-B2-6,排風機,排風機,3,6,3,2.2,,単一値,2.2,単一数値を採用,2.2,0,M-03-01,"E-024,E-032",図面:E-024 名称:排風機 容量:2.2 x3 || 図面:E-032 名称:排風機 容量:2.2 x3
✗,✗,✗,✗,✗,盤表に記載なし,EF-B2-7,排風機,,1,0,-1,0.202,,単一値,0.202,単一数値を採用,,,M-03-01,,
✗,✗,✗,✗,✗,盤表に記載なし,EF-B1-1,排風機,,1,0,-1,0.145,,単一値,0.145,単一数値を採用,,,M-03-01,,
✗,✗,✗,✗,✗,盤表に記載なし,EF-B1-2,排風機,,1,0,-1,0.145,,単一値,0.145,単一数値を採用,,,M-03-01,,
✗,✗,✗,✗,✗,盤表に記載なし,EF-1-1,排風機,,1,0,-1,0.0832,,単一値,0.0832,単一数値を採用,,,M-03-01,,
✗,✗,◯,◯,◯,台数差分=1,EF-1-2,排風機,排風機,1,2,1,0.54,,単一値,0.54,単一数値を採用,0.54,0,M-03-01,"E-024,E-034",図面:E-024 名称:排風機 容量:0.54 || 図面:E-034 名称:排風機 容量:0.54
✗,✗,◯,◯,◯,台数差分=1,EF-10-1,排風機,排風機,1,2,1,0.75,,単一値,0.75,単一数値を採用,0.75,0,M-03-01,"E-025,E-040",図面:E-025 名称:排風機 容量:0.75 || 図面:E-040 名称:排風機 容量:0.75
✗,✗,✗,✗,✗,盤表に記載なし,EF-11-1,排風機,,1,0,-1,0.0625,,単一値,0.0625,単一数値を採用,,,M-03-01,,
✗,✗,◯,◯,◯,台数差分=1,EF-R-1,排風機,排風機,1,2,1,1.5,,単一値,1.5,単一数値を採用,1.5,0,M-03-01,"E-025,E-044",図面:E-025 名称:排風機 容量:1.5 || 図面:E-044 名称:排風機 容量:1.5
要確認,✗,要確認,✗,◯,容量が複数候補,EF-R-2,排風機,"排風機,送風機",1,3,2,0.75,,単一値,0.75,単一数値を採用,"0.75,1.5",,M-03-01,"E-025,E-044",図面:E-025 名称:排風機 容量:0.75 || 図面:E-025 名称:送風機 容量:1.5 || 図面:E-044 名称:排風機 容量:0.75
✗,✗,◯,◯,◯,台数差分=1,F-EV-1,排風機,排風機,1,2,1,0.425,,単一値,0.425,単一数値を採用,0.425,0,M-03-01,"E-025,E-044",図面:E-025 名称:排風機 容量:0.425 || 図面:E-044 名称:排風機 容量:0.425
✗,✗,◯,◯,◯,台数差分=3,F-B1-1,排風機,排風機,3,6,3,2.2,,単一値,2.2,単一数値を採用,2.2,0,M-03-01,"E-024,E-033",図面:E-024 名称:排風機 容量:2.2 x3 || 図面:E-033 名称:排風機 容量:2.2 x3
✗,✗,✗,✗,✗,盤表に記載なし,F-B1-2,排風機,,1,0,-1,0.285,,単一値,0.285,単一数値を採用,,,M-03-01,,
✗,✗,✗,✗,✗,盤表に記載なし,F-B1-3,排風機,,1,0,-1,0.0625,,単一値,0.0625,単一数値を採用,,,M-03-01,,
✗,✗,✗,✗,✗,盤表に記載なし,F-1-1,排風機,,1,0,-1,0.078,,単一値,0.078,単一数値を採用,,,M-03-01,,
✗,✗,✗,✗,✗,盤表に記載なし,F-1-2,排風機,,2,0,-2,0.074,,単一値,0.074,単一数値を採用,,,M-03-01,,
✗,✗,✗,✗,✗,盤表に記載なし,F-1-3,排風機,,1,0,-1,0.0625,,単一値,0.0625,単一数値を採用,,,M-03-01,,
✗,✗,✗,✗,✗,盤表に記載なし,F-1-4,排風機,,1,0,-1,0.0625,,単一値,0.0625,単一数値を採用,,,M-03-02,,
✗,✗,✗,✗,✗,盤表に記載なし,F-2-1,排風機,,1,0,-1,0.078,,単一値,0.078,単一数値を採用,,,M-03-02,,
✗,✗,✗,✗,✗,盤表に記載なし,F-2-2,排風機,,1,0,-1,0.0832,,単一値,0.0832,単一数値を採用,,,M-03-02,,
✗,✗,✗,✗,✗,盤表に記載なし,F-11-1,排風機,,1,0,-1,0.0625,,単一値,0.0625,単一数値を採用,,,M-03-02,,
✗,✗,✗,✗,✗,盤表に記載なし,F-11-2,排風機,,1,0,-1,0.2,,単一値,0.2,単一数値を採用,,,M-03-02,,
✗,✗,✗,✗,✗,盤表に記載なし,HEX-B2-1,全熱交換機,,1,0,-1,0.075,,単一値,0.075,単一数値を採用,,,M-03-02,,
✗,✗,✗,✗,✗,盤表に記載なし,HEX-B1-1,全熱交換機,,1,0,-1,0.075,,単一値,0.075,単一数値を採用,,,M-03-02,,
✗,✗,✗,✗,✗,盤表に記載なし,HEX-B1-2,全熱交換機,,1,0,-1,0.075,,単一値,0.075,単一数値を採用,,,M-03-02,,
✗,✗,✗,✗,✗,盤表に記載なし,HEX-1-1,全熱交換機,,1,0,-1,0.145,,単一値,0.145,単一数値を採用,,,M-03-02,,
✗,✗,✗,✗,✗,盤表に記載なし,HEX-1-2,全熱交換機,,2,0,-2,0.42,,単一値,0.42,単一数値を採用,,,M-03-02,,
✗,✗,✗,✗,✗,盤表に記載なし,HEX-1-3,全熱交換機,,1,0,-1,0.42,,単一値,0.42,単一数値を採用,,,M-03-02,,
✗,✗,✗,✗,✗,盤表に記載なし,HEX-1-4,全熱交換機,,1,0,-1,0.075,,単一値,0.075,単一数値を採用,,,M-03-02,,
✗,✗,✗,✗,✗,盤表に記載なし,HEX-2-1,全熱交換機,,1,0,-1,0.145,,単一値,0.145,単一数値を採用,,,M-03-02,,
✗,✗,✗,✗,✗,盤表に記載なし,HEX-2-2,全熱交換機,,1,0,-1,0.355,,単一値,0.355,単一数値を採用,,,M-03-02,,
✗,✗,✗,✗,✗,盤表に記載なし,HEX-2-3,全熱交換機,,1,0,-1,0.145,,単一値,0.145,単一数値を採用,,,M-03-02,,
✗,✗,✗,✗,✗,盤表に記載なし,HEX-2-4,全熱交換機,,1,0,-1,0.355,,単一値,0.355,単一数値を採用,,,M-03-02,,
✗,✗,✗,✗,✗,盤表に記載なし,HEX-11-1,全熱交換機,,1,0,-1,0.56,,単一値,0.56,単一数値を採用,,,M-03-02,,
✗,✗,✗,✗,✗,盤表に記載なし,BOF-B2-1,ブースターファン,,1,0,-1,0.175,,単一値,0.175,単一数値を採用,,,M-03-02,,
✗,✗,✗,✗,✗,盤表に記載なし,BOF-B1-1,ブースターファン,,1,0,-1,0.175,,単一値,0.175,単一数値を採用,,,M-03-02,,
✗,✗,✗,✗,✗,盤表に記載なし,BOF-B1-2,ブースターファン,,1,0,-1,0.175,,単一値,0.175,単一数値を採用,,,M-03-02,,
✗,✗,✗,✗,✗,盤表に記載なし,BEF-B2-1,ブースターファン,,1,0,-1,0.0625,,単一値,0.0625,単一数値を採用,,,M-03-02,,
✗,✗,✗,✗,✗,盤表に記載なし,BEF-B1-1,ブースターファン,,1,0,-1,0.0625,,単一値,0.0625,単一数値を採用,,,M-03-02,,
✗,✗,✗,✗,✗,盤表に記載なし,BEF-B1-2,ブースターファン,,1,0,-1,0.0625,,単一値,0.0625,単一数値を採用,,,M-03-02,,
✗,✗,◯,◯,◯,台数差分=1,DF-R-1,臭突ファン,臭突ファン,1,2,1,0.4,,単一値,0.4,単一数値を採用,0.4,0,M-03-02,"E-025,E-044",図面:E-025 名称:臭突ファン 容量:0.4 || 図面:E-044 名称:臭突ファン 容量:0.4
✗,✗,✗,✗,✗,盤表に記載なし,SMF-1,排煙機,,1,0,-1,7.5,,単一値,7.5,単一数値を採用,,,M-03-02,,
✗,✗,✗,✗,✗,盤表に記載なし,SMF-2,排煙機,,1,0,-1,5.5,,単一値,5.5,単一数値を採用,,,M-03-02,,
✗,✗,✗,✗,✗,盤表に記載なし,CAV-3～6-1,定風量装置,,4,0,-4,10VA,,未確定,,数値化できない表記,,,M-03-02,,
✗,✗,✗,✗,✗,盤表に記載なし,CAV-7-1,(OA),,1,0,-1,,,,,,,,M-03-02,,
✗,✗,✗,✗,✗,盤表に記載なし,CAV-8-1,,,1,0,-1,,,,,,,,M-03-02,,
✗,✗,✗,✗,✗,盤表に記載なし,CAV-2-1,定風量装置,,1,0,-1,10VA,,未確定,,数値化できない表記,,,M-03-02,,
✗,✗,✗,✗,✗,盤表に記載なし,CAV-9-1,(OA),,1,0,-1,,,,,,,,M-03-02,,
✗,✗,✗,✗,✗,盤表に記載なし,CAV-10-1,,,1,0,-1,,,,,,,,M-03-02,,
✗,✗,✗,✗,✗,盤表に記載なし,CAV-11～15-1,,,5,0,-5,,,,,,,,M-03-02,,
✗,✗,✗,✗,✗,盤表に記載なし,CAV-16-1,,,1,0,-1,,,,,,,,M-03-02,,
✗,✗,✗,✗,✗,盤表に記載なし,CAV-3～6-2,定風量装置,,4,0,-4,10VA,,未確定,,数値化できない表記,,,M-03-02,,
✗,✗,✗,✗,✗,盤表に記載なし,CAV-7-2,(EA),,1,0,-1,,,,,,,,M-03-02,,
✗,✗,✗,✗,✗,盤表に記載なし,CAV-8-2,,,1,0,-1,,,,,,,,M-03-02,,
✗,✗,✗,✗,✗,盤表に記載なし,CAV-9-2,,,1,0,-1,,,,,,,,M-03-02,,
✗,✗,✗,✗,✗,盤表に記載なし,CAV-10-2,,,1,0,-1,,,,,,,,M-03-02,,
✗,✗,✗,✗,✗,盤表に記載なし,CAV-11～15-2,,,5,0,-5,,,,,,,,M-03-02,,
✗,✗,✗,✗,✗,盤表に記載なし,CAV-16-2,,,1,0,-1,,,,,,,,M-03-02,,
✗,✗,✗,✗,✗,盤表に記載なし,CAV-2-2,定風量装置,,1,0,-1,10VA,,未確定,,数値化できない表記,,,M-03-02,,
✗,✗,✗,✗,✗,盤表に記載なし,CAV-3～6-3,(EA),,4,0,-4,,,,,,,,M-03-02,,
✗,✗,✗,✗,✗,盤表に記載なし,CAV-7-3,,,1,0,-1,,,,,,,,M-03-02,,
✗,✗,✗,✗,✗,盤表に記載なし,CAV-8-3,,,1,0,-1,,,,,,,,M-03-02,,
✗,✗,✗,✗,✗,盤表に記載なし,CAV-9-3,,,1,0,-1,,,,,,,,M-03-02,,
✗,✗,✗,✗,✗,盤表に記載なし,CAV-10-3,,,1,0,-1,,,,,,,,M-03-02,,
✗,✗,✗,✗,✗,盤表に記載なし,OS-1,脱臭装置,,1,0,-1,0.15,,単一値,0.15,単一数値を採用,,,M-03-02,,
✗,✗,✗,✗,✗,盤表に記載なし,OS-2,脱臭装置,,1,0,-1,0.026,,単一値,0.026,単一数値を採用,,,M-03-02,,
✗,✗,✗,✗,✗,盤表に記載なし,OS-3,脱臭装置,,1,0,-1,0.008,,単一値,0.008,単一数値を採用,,,M-03-02,,
✗,✗,✗,✗,✗,盤表に記載なし,AH-1,エア搬送ファン,,7,0,-7,0.11,,単一値,0.11,単一数値を採用,,,M-03-02,,
✗,✗,◯,✗,◯,台数差分=1,PAC-1,空調機/空冷HPパッケージ/マルチタイプ/(冷房専用),空調室外機,1,2,1,(冷)9.45 / (暖)7.18 / (低温)9.43,"冷=9.45,暖=7.18,低温=9.43",冷,9.45,機器名称ヒント(冷房専用)で(冷)を採用,9.45,0,M-03-03,"E-025,E-035",図面:E-025 名称:空調室外機 容量:9.45 || 図面:E-035 名称:空調室外機 容量:9.45
✗,✗,✗,✗,✗,盤表に記載なし,PAC-1-1,空調機/空冷HPパッケージ/マルチタイプ/(冷房専用),,2,0,-2,0.04,,単一値,0.04,単一数値を採用,,,M-03-03,,
✗,✗,✗,✗,✗,盤表に記載なし,PAC-1-2,空調機/空冷HPパッケージ/マルチタイプ/(冷房専用),,1,0,-1,0.02,,単一値,0.02,単一数値を採用,,,M-03-03,,
✗,✗,✗,✗,◯,台数差分=1,PAC-2,空調機/空冷HPパッケージ/マルチタイプ,空調室外機,1,2,1,(冷)3.93 / (暖)4.05 / (低温)5.32,"冷=3.93,暖=4.05,低温=5.32",最大値(低温),5.32,機器名称からモード特定不可のため最大値を採用,6.63,1.31,M-03-03,"E-025,E-035",図面:E-025 名称:空調室外機 容量:6.63 || 図面:E-035 名称:空調室外機 容量:6.63
✗,✗,✗,✗,✗,盤表に記載なし,PAC-2-1,空調機/空冷HPパッケージ/マルチタイプ,,1,0,-1,0.02,,単一値,0.02,単一数値を採用,,,M-03-03,,
✗,✗,✗,✗,✗,盤表に記載なし,PAC-2-2,空調機/空冷HPパッケージ/マルチタイプ,,1,0,-1,0.07,,単一値,0.07,単一数値を採用,,,M-03-03,,
✗,✗,✗,✗,✗,盤表に記載なし,PAC-2-3,空調機/空冷HPパッケージ/マルチタイプ,,1,0,-1,0.02,,単一値,0.02,単一数値を採用,,,M-03-03,,
✗,✗,✗,✗,✗,盤表に記載なし,PAC-2-4,空調機/空冷HPパッケージ/マルチタイプ,,1,0,-1,0.02,,単一値,0.02,単一数値を採用,,,M-03-03,,
✗,✗,✗,✗,✗,盤表に記載なし,PAC-3,空調機/空冷HPパッケージ/店舗用,,1,0,-1,(冷)0.575 / (暖)0.721 / (低温)0.988,"冷=0.575,暖=0.721,低温=0.988",最大値(低温),0.988,機器名称からモード特定不可のため最大値を採用,,,M-03-03,,
✗,✗,✗,✗,✗,盤表に記載なし,PAC-3-1,空調機空冷HPパッケージ店舗用,,1,0,-1,,,,,,,,M-03-03,,
✗,✗,✗,✗,◯,台数差分=1,PAC-4,空調機/空冷HPパッケージ/マルチタイプ/(冷房専用),空調室外機,1,2,1,(冷)5.64 / (暖)4.98 / (低温)6.63,"冷=5.64,暖=4.98,低温=6.63",冷,5.64,機器名称ヒント(冷房専用)で(冷)を採用,7.81,2.17,M-03-03,"E-025,E-040",図面:E-025 名称:空調室外機 容量:7.81 || 図面:E-040 名称:空調室外機 容量:7.81
✗,✗,✗,✗,◯,台数差分=1,PAC-4-1,空調機/空冷HPパッケージ/マルチタイプ/(冷房専用),空調室内機,1,2,1,0.19,,単一値,0.19,単一数値を採用,1.2,1.01,M-03-03,"E-024,E-032",図面:E-024 名称:空調室内機 容量:1.2 || 図面:E-032 名称:空調室内機 容量:1.2
✗,✗,✗,✗,◯,台数差分=1,PAC-5,空調機/空冷HPパッケージ/マルチタイプ/(冷房専用),空調室外機,1,2,1,(冷)5.64 / (暖)4.98 / (低温)6.63,"冷=5.64,暖=4.98,低温=6.63",冷,5.64,機器名称ヒント(冷房専用)で(冷)を採用,7.81,2.17,M-03-03,"E-025,E-040",図面:E-025 名称:空調室外機 容量:7.81 || 図面:E-040 名称:空調室外機 容量:7.81
✗,✗,✗,✗,◯,台数差分=1,PAC-5-1,空調機/空冷HPパッケージ/マルチタイプ/(冷房専用),空調室内機,1,2,1,0.19,,単一値,0.19,単一数値を採用,1.2,1.01,M-03-03,"E-024,E-032",図面:E-024 名称:空調室内機 容量:1.2 || 図面:E-032 名称:空調室内機 容量:1.2
✗,✗,◯,✗,◯,台数差分=1,PAC-6,空調機/空冷HPパッケージ/マルチタイプ,空調室外機,1,2,1,(冷)1.52 / (暖)1.66 / (低温)2,"冷=1.52,暖=1.66,低温=2",最大値(低温),2,機器名称からモード特定不可のため最大値を採用,2,0,M-03-03,"E-025,E-035",図面:E-025 名称:空調室外機 容量:2.0 || 図面:E-035 名称:空調室外機 容量:2.0
✗,✗,✗,✗,✗,盤表に記載なし,PAC-6-1,空調機/空冷HPパッケージ/マルチタイプ,,1,0,-1,0.03,,単一値,0.03,単一数値を採用,,,M-03-03,,
✗,✗,✗,✗,✗,盤表に記載なし,PAC-6-2,空調機/空冷HPパッケージ/マルチタイプ,,1,0,-1,0.02,,単一値,0.02,単一数値を採用,,,M-03-03,,
✗,✗,◯,✗,◯,台数差分=1,PAC-7,空調機/空冷HPパッケージ/マルチタイプ,空調室外機,1,2,1,(冷)14.1 / (暖)15 / (低温)16.9,"冷=14.1,暖=15,低温=16.9",最大値(低温),16.9,機器名称からモード特定不可のため最大値を採用,16.9,0,M-03-04,"E-025,E-040",図面:E-025 名称:空調室外機 容量:16.9 || 図面:E-040 名称:空調室外機 容量:16.9
✗,✗,✗,✗,✗,盤表に記載なし,PAC-7-1,空調機/空冷HPパッケージ/マルチタイプ,,2,0,-2,0.41,,単一値,0.41,単一数値を採用,,,M-03-04,,
✗,✗,✗,✗,✗,盤表に記載なし,PAC-7-2,空調機/空冷HPパッケージ/マルチタイプ,,2,0,-2,0.3,,単一値,0.3,単一数値を採用,,,M-03-04,,
✗,✗,✗,✗,✗,盤表に記載なし,PAC-7-3,空調機/空冷HPパッケージ/マルチタイプ,,1,0,-1,0.02,,単一値,0.02,単一数値を採用,,,M-03-04,,
✗,✗,◯,✗,◯,台数差分=1,PAC-8,空調機/空冷HPパッケージ/マルチタイプ,空調室外機,1,2,1,(冷)13.7 / (暖)13.3 / (低温)12.5,"冷=13.7,暖=13.3,低温=12.5",最大値(冷),13.7,機器名称からモード特定不可のため最大値を採用,13.7,0,M-03-04,"E-025,E-040",図面:E-025 名称:空調室外機 容量:13.7 || 図面:E-040 名称:空調室外機 容量:13.7
✗,✗,✗,✗,✗,盤表に記載なし,PAC-8-1,空調機/空冷HPパッケージ/マルチタイプ,,2,0,-2,0.1,,単一値,0.1,単一数値を採用,,,M-03-04,,
✗,✗,✗,✗,✗,盤表に記載なし,PAC-8-2,空調機/空冷HPパッケージ/マルチタイプ,,2,0,-2,0.15,,単一値,0.15,単一数値を採用,,,M-03-04,,
✗,✗,✗,✗,✗,盤表に記載なし,PAC-8-3,空調機/空冷HPパッケージ/マルチタイプ,,2,0,-2,0.02,,単一値,0.02,単一数値を採用,,,M-03-04,,
✗,✗,◯,✗,◯,台数差分=1,PAC-9,空調機/空冷HPパッケージ/店舗用(同時ツイン),空調室外機,1,2,1,(冷)2.4 / (暖)2.48 / (低温)5.25,"冷=2.4,暖=2.48,低温=5.25",最大値(低温),5.25,機器名称からモード特定不可のため最大値を採用,5.25,0,M-03-04,"E-025,E-035",図面:E-025 名称:空調室外機 容量:5.25 || 図面:E-035 名称:空調室外機 容量:5.25
✗,✗,✗,✗,✗,盤表に記載なし,PAC-9-1,空調機空冷HPパッケージ店舗用(同時ツイン),,2,0,-2,,,,,,,,M-03-04,,
✗,✗,◯,✗,◯,台数差分=1,PAC-10,空調機/空冷HPパッケージ/マルチタイプ,空調室外機,1,2,1,(冷)10.6 / (暖)11.6 / (低温)10.8,"冷=10.6,暖=11.6,低温=10.8",最大値(暖),11.6,機器名称からモード特定不可のため最大値を採用,11.6,0,M-03-04,"E-025,E-044",図面:E-025 名称:空調室外機 容量:11.6 || 図面:E-044 名称:空調室外機 容量:11.6
✗,✗,✗,✗,✗,盤表に記載なし,PAC-10-1,空調機/空冷HPパッケージ/マルチタイプ,,1,0,-1,0.1,,単一値,0.1,単一数値を採用,,,M-03-04,,
✗,✗,✗,✗,✗,盤表に記載なし,PAC-10-2,空調機/空冷HPパッケージ/マルチタイプ,,1,0,-1,0.03,,単一値,0.03,単一数値を採用,,,M-03-04,,
✗,✗,✗,✗,✗,盤表に記載なし,PAC-10-3,空調機/空冷HPパッケージ/マルチタイプ,,1,0,-1,0.03,,単一値,0.03,単一数値を採用,,,M-03-04,,
✗,✗,✗,✗,✗,盤表に記載なし,PAC-10-4,空調機/空冷HPパッケージ/マルチタイプ,,1,0,-1,0.06,,単一値,0.06,単一数値を採用,,,M-03-04,,
✗,✗,✗,✗,✗,盤表に記載なし,PAC-10-5,空調機/空冷HPパッケージ/マルチタイプ,,2,0,-2,0.03,,単一値,0.03,単一数値を採用,,,M-03-04,,
✗,✗,◯,✗,◯,台数差分=1,PAC-11,空調機/空冷HPパッケージ/マルチタイプ,空調室外機,1,2,1,(冷)13.7 / (暖)13.3 / (低温)12.5,"冷=13.7,暖=13.3,低温=12.5",最大値(冷),13.7,機器名称からモード特定不可のため最大値を採用,13.7,0,M-03-05,"E-025,E-044",図面:E-025 名称:空調室外機 容量:13.7 || 図面:E-044 名称:空調室外機 容量:13.7
✗,✗,✗,✗,✗,盤表に記載なし,PAC-11-1,空調機/空冷HPパッケージ/マルチタイプ,,3,0,-3,0.06,,単一値,0.06,単一数値を採用,,,M-03-05,,
✗,✗,✗,✗,✗,盤表に記載なし,PAC-11-2,空調機/空冷HPパッケージ/マルチタイプ,,6,0,-6,0.03,,単一値,0.03,単一数値を採用,,,M-03-05,,
✗,✗,◯,✗,◯,台数差分=1,PAC-12,空調機/空冷HPパッケージ/マルチタイプ,空調室外機,1,2,1,(冷)10.6 / (暖)11.6 / (低温)10.8,"冷=10.6,暖=11.6,低温=10.8",最大値(暖),11.6,機器名称からモード特定不可のため最大値を採用,11.6,0,M-03-05,"E-025,E-044",図面:E-025 名称:空調室外機 容量:11.6 || 図面:E-044 名称:空調室外機 容量:11.6
✗,✗,✗,✗,✗,盤表に記載なし,PAC-12-1,空調機/空冷HPパッケージ/マルチタイプ,,1,0,-1,0.06,,単一値,0.06,単一数値を採用,,,M-03-05,,
✗,✗,✗,✗,✗,盤表に記載なし,PAC-12-2,空調機/空冷HPパッケージ/マルチタイプ,,2,0,-2,0.03,,単一値,0.03,単一数値を採用,,,M-03-05,,
✗,✗,✗,✗,✗,盤表に記載なし,PAC-12-3,空調機/空冷HPパッケージ/マルチタイプ,,1,0,-1,0.06,,単一値,0.06,単一数値を採用,,,M-03-05,,
✗,✗,✗,✗,✗,盤表に記載なし,PAC-12-4,空調機/空冷HPパッケージ/マルチタイプ,,2,0,-2,0.03,,単一値,0.03,単一数値を採用,,,M-03-05,,
✗,✗,✗,✗,✗,盤表に記載なし,PAC-12-5,空調機/空冷HPパッケージ/マルチタイプ,,1,0,-1,0.07,,単一値,0.07,単一数値を採用,,,M-03-05,,
✗,✗,✗,✗,✗,盤表に記載なし,PAC-12-6,空調機/空冷HPパッケージ/マルチタイプ,,2,0,-2,0.03,,単一値,0.03,単一数値を採用,,,M-03-05,,
✗,✗,◯,✗,◯,台数差分=1,PAC-13,空調機/空冷HPパッケージ/マルチタイプ,空調室外機,1,2,1,(冷)7.42 / (暖)7.73 / (低温)8.6,"冷=7.42,暖=7.73,低温=8.6",最大値(低温),8.6,機器名称からモード特定不可のため最大値を採用,8.6,0,M-03-05,"E-025,E-044",図面:E-025 名称:空調室外機 容量:8.6 || 図面:E-044 名称:空調室外機 容量:8.6
✗,✗,✗,✗,✗,盤表に記載なし,PAC-13-1,空調機/空冷HPパッケージ/マルチタイプ,,1,0,-1,0.07,,単一値,0.07,単一数値を採用,,,M-03-05,,
✗,✗,✗,✗,✗,盤表に記載なし,PAC-13-2,空調機/空冷HPパッケージ/マルチタイプ,,2,0,-2,0.03,,単一値,0.03,単一数値を採用,,,M-03-05,,
✗,✗,✗,✗,✗,盤表に記載なし,PAC-13-3,空調機/空冷HPパッケージ/マルチタイプ,,1,0,-1,0.05,,単一値,0.05,単一数値を採用,,,M-03-05,,
✗,✗,✗,✗,✗,盤表に記載なし,PAC-13-4,空調機/空冷HPパッケージ/マルチタイプ,,1,0,-1,0.03,,単一値,0.03,単一数値を採用,,,M-03-05,,
✗,✗,✗,✗,✗,盤表に記載なし,PAC-13-5,空調機/空冷HPパッケージ/マルチタイプ,,1,0,-1,0.05,,単一値,0.05,単一数値を採用,,,M-03-05,,
✗,✗,✗,✗,◯,台数差分=1,PAC-14,空調機/空冷HPパッケージ/マルチタイプ,空調室外機,1,2,1,(冷)5.11 / (暖)5.46 / (低温)6.3,"冷=5.11,暖=5.46,低温=6.3",最大値(低温),6.3,機器名称からモード特定不可のため最大値を採用,8.6,2.3,M-03-05,"E-025,E-044",図面:E-025 名称:空調室外機 容量:8.6 || 図面:E-044 名称:空調室外機 容量:8.6
✗,✗,✗,✗,✗,盤表に記載なし,PAC-14-1,空調機1/空冷HPパッケージ/マルチタイプ,,2,0,-2,0.05,,単一値,0.05,単一数値を採用,,,M-03-05,,
✗,✗,✗,✗,✗,盤表に記載なし,PAC-14-2,空調機/空冷HPパッケージ/マルチタイプ,,1,0,-1,0.05,,単一値,0.05,単一数値を採用,,,M-03-06,,
✗,✗,✗,✗,✗,盤表に記載なし,PAC-14-3,空調機/空冷HPパッケージ/マルチタイプ,,1,0,-1,0.05,,単一値,0.05,単一数値を採用,,,M-03-06,,
✗,✗,✗,✗,◯,台数差分=1,PAC-15,空調機/空冷HPパッケージ/店舗用(同時ツイン),空調室外機,1,2,1,(冷)6.1,冷=6.1,冷,6.1,モード容量1候補のため(冷)を採用,9,2.9,M-03-06,"E-025,E-041",図面:E-025 名称:空調室外機 容量:9.0 || 図面:E-041 名称:空調室外機 容量:9.0
✗,✗,✗,✗,✗,盤表に記載なし,PAC-15-1,空調機店舗用(同時ツイン),,,0,,,,,,,,,M-03-06,,
✗,✗,✗,✗,✗,盤表に記載なし,VR-1,レンジフード,,86,0,-86,,,,,,,,M-03-07,,
✗,✗,✗,✗,✗,盤表に記載なし,BD-1,浴室換気乾燥機,,9,0,-9,,,,,,,,M-03-07,,
✗,✗,✗,✗,✗,盤表に記載なし,HEX-1,全熱交換機,,9,0,-9,,,,,,,,M-03-07,,
✗,✗,✗,✗,✗,盤表に記載なし,HEX-2,全熱交換機,,27,0,-27,,,,,,,,M-03-07,,
✗,✗,✗,✗,✗,盤表に記載なし,VF-1,天井扇,,10,0,-10,,,,,,,,M-03-07,,
✗,✗,✗,✗,✗,盤表に記載なし,ORC-1,ルームエアコンマルチタイプ,,9,0,-9,,,,,,,,M-03-07,,
✗,✗,✗,✗,✗,盤表に記載なし,ORC-2,ルームエアコンマルチタイプ,,6,0,-6,,,,,,,,M-03-07,,
✗,✗,✗,✗,✗,盤表に記載なし,ORC-3,マルチタイプ,,5,0,-5,,,,,,,,M-03-07,,
✗,✗,✗,✗,✗,盤表に記載なし,ORC-4,ルームエアコンマルチタイプ,,,0,,,,,,,,,M-03-07,,
✗,✗,✗,✗,✗,盤表に記載なし,ORC-5,ルームエアコンマルチタイプ,,3,0,-3,,,,,,,,M-03-07,,
✗,✗,✗,✗,✗,盤表に記載なし,ORC-6,ルームエアコン,,,0,,,,,,,,,M-03-07,,
✗,✗,✗,✗,✗,盤表に記載なし,ORC-7,マルチタイプルームエアコン,,60,0,-60,,,,,,,,M-03-07,,
✗,✗,✗,✗,✗,盤表に記載なし,ORC-8,マルチタイプルームエアコン,,12,0,-12,,,,,,,,M-03-07,,
✗,✗,✗,✗,✗,盤表に記載なし,ORC-9,ルームエアコンマルチタイプ,,27,0,-27,,,,,,,,M-03-07,,
✗,✗,✗,✗,✗,盤表に記載なし,IRC-1,ルームエアコン,,36,0,-36,,,,,,,,M-03-07,,
✗,✗,✗,✗,✗,盤表に記載なし,IRC-2,マルチタイプルームエアコン,,96,0,-96,,,,,,,,M-03-07,,
✗,✗,✗,✗,✗,盤表に記載なし,IRC-3,ルームエアコンマルチタイプ,,41,0,-41,,,,,,,,M-03-07,,
✗,✗,✗,✗,✗,盤表に記載なし,IRC-4,ルームエアコンマルチタイプ,,11,0,-11,,,,,,,,M-03-07,,
✗,✗,✗,✗,✗,盤表に記載なし,IRC-5,ルームエアコン,,5,0,-5,,,,,,,,M-03-07,,
✗,✗,✗,✗,✗,盤表に記載なし,IRC-6,マルチタイプルームエアコン,,40,0,-40,,,,,,,,M-03-07,,
✗,✗,✗,✗,✗,盤表に記載なし,RC-1～3,欠番,,,0,,,,,,,,,M-03-07,,
✗,✗,✗,✗,✗,盤表に記載なし,RC-4,ルームエアコン,,16,0,-16,,,,,,,,M-03-07,,
✗,✗,✗,✗,✗,盤表に記載なし,RC-5,ルームエアコン,,1,0,-1,,,,,,,,M-03-07,,
✗,✗,✗,✗,✗,盤表に記載なし,RC-6,ルームエアコン,,1,0,-1,,,,,,,,M-03-07,,
✗,✗,✗,✗,✗,盤表に記載なし,RC-7,ルームエアコン,,14,0,-14,,,,,,,,M-03-07,,
✗,✗,✗,✗,✗,盤表に記載なし,RC-8,ルームエアコン室外機2段積架台,,22,0,-22,,,,,,,,M-03-07,,
✗,✗,✗,✗,✗,機器表に記載なし,JU-1,,補助加圧ポンプ,,2,,,,,,,2.2,,,"E-024,E-032",図面:E-024 名称:補助加圧ポンプ 容量:2.2 || 図面:E-032 名称:補助加圧ポンプ 容量:2.2
✗,✗,✗,✗,✗,機器表に記載なし,DP-2,,清水ポンプ,,2,,,,,,,3.7,,,"E-024,E-031",図面:E-024 名称:清水ポンプ 容量:3.7 || 図面:E-031 名称:清水ポンプ 容量:3.7
✗,✗,✗,✗,✗,機器表に記載なし,DP-3,,清水ポンプ,,2,,,,,,,3.7,,,"E-024,E-031",図面:E-024 名称:清水ポンプ 容量:3.7 || 図面:E-031 名称:清水ポンプ 容量:3.7
✗,✗,✗,✗,✗,機器表に記載なし,DP-5,,清水ポンプ,,2,,,,,,,3.7,,,"E-024,E-031",図面:E-024 名称:清水ポンプ 容量:3.7 || 図面:E-031 名称:清水ポンプ 容量:3.7
✗,✗,✗,✗,✗,機器表に記載なし,DP-6,,清水ポンプ,,2,,,,,,,3.7,,,"E-024,E-031",図面:E-024 名称:清水ポンプ 容量:3.7 || 図面:E-031 名称:清水ポンプ 容量:3.7
✗,✗,✗,✗,✗,機器表に記載なし,DP-9,,雑排水ポンプ,,2,,,,,,,3.7,,,"E-024,E-031",図面:E-024 名称:雑排水ポンプ 容量:3.7 || 図面:E-031 名称:雑排水ポンプ 容量:3.7
✗,✗,✗,✗,✗,機器表に記載なし,DP-10,,雨水排水ポンプ,,2,,,,,,,2.2,,,"E-024,E-031",図面:E-024 名称:雨水排水ポンプ 容量:2.2 || 図面:E-031 名称:雨水排水ポンプ 容量:2.2
✗,✗,✗,✗,✗,機器表に記載なし,DP-1,,雑排水ポンプ,,2,,,,,,,3.7,,,"E-024,E-031",図面:E-024 名称:雑排水ポンプ 容量:3.7 || 図面:E-031 名称:雑排水ポンプ 容量:3.7
✗,✗,✗,✗,✗,機器表に記載なし,DP-4,,清水ポンプ,,2,,,,,,,2.2,,,"E-024,E-031",図面:E-024 名称:清水ポンプ 容量:2.2 || 図面:E-031 名称:清水ポンプ 容量:2.2
✗,✗,✗,✗,✗,機器表に記載なし,DP-7,,清水ポンプ,,2,,,,,,,3.7,,,"E-024,E-031",図面:E-024 名称:清水ポンプ 容量:3.7 || 図面:E-031 名称:清水ポンプ 容量:3.7
✗,✗,✗,✗,✗,機器表に記載なし,DP-8,,雑排水ポンプ,,2,,,,,,,7.5,,,"E-024,E-031",図面:E-024 名称:雑排水ポンプ 容量:7.5 || 図面:E-031 名称:雑排水ポンプ 容量:7.5
✗,✗,✗,✗,✗,機器表に記載なし,DP-11,,雨水排水ポンプ,,2,,,,,,,3.7,,,"E-024,E-031",図面:E-024 名称:雨水排水ポンプ 容量:3.7 || 図面:E-031 名称:雨水排水ポンプ 容量:3.7
✗,✗,✗,✗,✗,機器表に記載なし,DP-12,,汚泥引抜ポンプ,,2,,,,,,,5.5,,,"E-024,E-032",図面:E-024 名称:汚泥引抜ポンプ 容量:5.5 || 図面:E-032 名称:汚泥引抜ポンプ 容量:5.5
✗,✗,✗,✗,✗,機器表に記載なし,DP-14,,雑排水ポンプ,,2,,,,,,,3.7,,,"E-024,E-031",図面:E-024 名称:雑排水ポンプ 容量:3.7 || 図面:E-031 名称:雑排水ポンプ 容量:3.7
✗,✗,✗,✗,✗,機器表に記載なし,SS-B1-1,,リングシャッター,,2,,,,,,,0.75,,,"E-024,E-033",図面:E-024 名称:リングシャッター 容量:0.75 || 図面:E-033 名称:リングシャッター 容量:0.75
✗,✗,✗,✗,✗,機器表に記載なし,FSS-B1-1,,防火シャッター,,2,,,,,,,0.75,,,"E-024,E-033",図面:E-024 名称:防火シャッター 容量:0.75 || 図面:E-033 名称:防火シャッター 容量:0.75
要確認,要確認,要確認,要確認,✗,盤表ID未記載,,,全自動砂濾過装置,,1,,,,,,,2.0,,,E-024,
要確認,要確認,要確認,要確認,✗,盤表ID未記載,,,全自動砂濾過装置,,1,,,,,,,2.0,,,E-032,
